{
    "task_name": "humaneval_es",
    "path": "datasets/humaneval/data/es_humaneval.jsonl",
    "description": "",
    "transform": "datasets/humaneval/transform_gen_es.py",
    "fewshot": 0,
    "generate": {
        "method": "generate",
        "params": "models/model_params/vllm_sample_wizardcode.json"
    },
    "postprocess": "humaneval_post_wizardcode",
    "metric": {
        "pass_k": {
            "evaluation": {
                "type": "function_execution"
            },
            "aggregation": {
                "type": "pass_k"
            }
        }
    }
}